id,fullName,season,age,weight,height,timeOnIce,assists,goals,pim,shots,games,hits,powerPlayGoals,powerPlayPoints,powerPlayTimeOnIce,evenTimeOnIce,penaltyMinutes,faceOffPct,shotPct,gameWinningGoals,overTimeGoals,shortHandedGoals,shortHandedPoints,shortHandedTimeOnIce,blocked,plusMinus,points,shifts,ot,shutouts,wins,losses,saves,powerPlaySaves,shortHandedSaves,evenSaves,shortHandedShots,evenShots,powerPlayShots,savePercentage,goalAgainstAverage,gamesStarted,shotsAgainst,goalsAgainst,powerPlaySavePercentage,shortHandedSavePercentage,evenStrengthSavePercentage,ties
8448208,Jaromir Jagr,2014 - 2015,42-350d,230,"6' 3""",345:01,12.0,6.0,6.0,50.0,20,17.0,2.0,4.0,51:49,293:10,6,100.0,12.0,2.0,0.0,0.0,0.0,00:02,6.0,7.0,18.0,417.0,,,,,,,,,,,,,,,,,,,,
8448208,Jaromir Jagr,2015 - 2016,43-350d,230,"6' 3""",1348:56,39.0,27.0,48.0,143.0,79,31.0,5.0,11.0,214:27,1133:11,48,0.0,18.88,4.0,0.0,0.0,0.0,01:18,16.0,23.0,66.0,1616.0,,,,,,,,,,,,,,,,,,,,
8448208,Jaromir Jagr,2016 - 2017,44-351d,230,"6' 3""",1393:59,30.0,16.0,56.0,181.0,82,21.0,8.0,13.0,226:49,1165:54,56,50.0,8.84,2.0,0.0,0.0,0.0,01:16,4.0,2.0,46.0,1727.0,,,,,,,,,,,,,,,,,,,,
8465185,Willie Mitchell,2014 - 2015,37-283d,210,"6' 3""",1430:48,5.0,3.0,25.0,78.0,66,99.0,0.0,0.0,08:55,1205:43,25,0.0,3.85,0.0,0.0,0.0,1.0,216:10,144.0,1.0,8.0,1729.0,,,,,,,,,,,,,,,,,,,,
8465185,Willie Mitchell,2015 - 2016,38-282d,210,"6' 3""",916:34,6.0,1.0,18.0,33.0,46,68.0,0.0,0.0,05:54,761:48,18,0.0,3.03,1.0,0.0,0.0,0.0,148:52,70.0,-2.0,7.0,1093.0,,,,,,,,,,,,,,,,,,,,
8465978,Shawn Thornton,2014 - 2015,37-192d,217,"6' 2""",440:52,4.0,1.0,50.0,53.0,46,93.0,0.0,0.0,03:34,436:18,50,25.0,1.89,0.0,0.0,0.0,0.0,01:00,5.0,-13.0,5.0,615.0,,,,,,,,,,,,,,,,,,,,
8465978,Shawn Thornton,2015 - 2016,38-191d,217,"6' 2""",434:27,4.0,1.0,80.0,58.0,50,73.0,0.0,0.0,05:28,428:59,80,46.15,1.72,0.0,0.0,0.0,0.0,00:00,2.0,-2.0,5.0,593.0,,,,,,,,,,,,,,,,,,,,
8465978,Shawn Thornton,2016 - 2017,39-192d,217,"6' 2""",384:29,2.0,2.0,67.0,42.0,50,52.0,0.0,0.0,07:38,376:40,67,33.33,4.76,0.0,0.0,0.0,0.0,00:11,8.0,-7.0,4.0,565.0,,,,,,,,,,,,,,,,,,,,
8466285,Brian Campbell,2014 - 2015,35-253d,192,"5' 10""",1903:05,24.0,3.0,22.0,118.0,82,44.0,1.0,12.0,248:36,1571:42,22,0.0,2.54,0.0,0.0,0.0,0.0,82:47,85.0,4.0,27.0,2083.0,,,,,,,,,,,,,,,,,,,,
8466285,Brian Campbell,2015 - 2016,36-253d,192,"5' 10""",1826:47,25.0,6.0,26.0,99.0,82,27.0,0.0,8.0,220:11,1474:03,26,0.0,6.06,1.0,1.0,1.0,1.0,132:33,80.0,31.0,31.0,2052.0,,,,,,,,,,,,,,,,,,,,
8468001,Derek MacKenzie,2014 - 2015,33-233d,177,"5' 11""",1020:58,6.0,5.0,45.0,72.0,82,273.0,1.0,1.0,15:06,809:43,45,53.13,6.94,0.0,0.0,0.0,0.0,196:09,51.0,-17.0,11.0,1495.0,,,,,,,,,,,,,,,,,,,,
8468001,Derek MacKenzie,2015 - 2016,34-233d,177,"5' 11""",841:42,7.0,6.0,36.0,79.0,64,154.0,0.0,0.0,09:27,663:39,36,54.81,7.59,3.0,0.0,0.0,1.0,168:36,38.0,7.0,13.0,1225.0,,,,,,,,,,,,,,,,,,,,
8468001,Derek MacKenzie,2016 - 2017,35-234d,177,"5' 11""",1030:19,10.0,6.0,50.0,91.0,82,192.0,0.0,0.0,12:36,833:13,50,50.0,6.59,1.0,0.0,2.0,5.0,184:30,45.0,-7.0,16.0,1559.0,,,,,,,,,,,,,,,,,,,,
8468001,Derek MacKenzie,2017 - 2018,36-234d,177,"5' 11""",848:06,11.0,3.0,31.0,86.0,75,124.0,0.0,0.0,03:00,672:31,31,52.07,3.49,0.0,0.0,1.0,4.0,172:35,45.0,-9.0,14.0,1309.0,,,,,,,,,,,,,,,,,,,,
8468001,Derek MacKenzie,2018 - 2019,37-234d,177,"5' 11""",02:43,0.0,0.0,0.0,0.0,1,0.0,0.0,0.0,00:00,02:43,0,66.67,0.0,0.0,0.0,0.0,0.0,00:00,0.0,0.0,0.0,4.0,,,,,,,,,,,,,,,,,,,,
8468504,Brad Boyes,2014 - 2015,32-289d,199,"6' 0""",1220:44,24.0,14.0,20.0,151.0,78,60.0,5.0,9.0,157:43,1058:48,20,56.07,9.27,4.0,1.0,0.0,0.0,04:13,38.0,11.0,38.0,1513.0,,,,,,,,,,,,,,,,,,,,
8468518,Tomas Kopecky,2014 - 2015,32-360d,210,"6' 3""",825:50,6.0,2.0,28.0,106.0,64,88.0,0.0,0.0,07:44,671:07,28,75.0,1.89,1.0,0.0,0.0,0.0,146:59,22.0,-19.0,8.0,1150.0,,,,,,,,,,,,,,,,,,,,
8469638,Jussi Jokinen,2014 - 2015,31-305d,191,"6' 0""",1355:47,36.0,8.0,34.0,134.0,81,52.0,2.0,9.0,180:20,1034:40,34,50.4,5.97,0.0,0.0,0.0,0.0,140:47,50.0,-2.0,44.0,1794.0,,,,,,,,,,,,,,,,,,,,
8469638,Jussi Jokinen,2015 - 2016,32-305d,191,"6' 0""",1481:36,42.0,18.0,42.0,153.0,81,43.0,5.0,12.0,211:02,1086:07,42,51.53,11.76,1.0,0.0,1.0,2.0,184:27,50.0,25.0,60.0,1917.0,,,,,,,,,,,,,,,,,,,,
8469638,Jussi Jokinen,2016 - 2017,33-305d,191,"6' 0""",1201:20,17.0,11.0,39.0,118.0,69,28.0,4.0,10.0,170:07,937:26,39,52.08,9.32,2.0,0.0,1.0,1.0,93:47,33.0,-15.0,28.0,1598.0,,,,,,,,,,,,,,,,,,,,
8470039,Tomas Fleischmann,2014 - 2015,30-259d,192,"6' 1""",772:01,14.0,7.0,8.0,107.0,52,53.0,0.0,1.0,54:50,664:07,8,22.22,6.54,1.0,0.0,0.0,0.0,53:04,15.0,12.0,21.0,1023.0,,,,,,,,,,,,,,,,,,,,
8470105,Scottie Upshall,2014 - 2015,31-116d,200,"6' 0""",798:58,7.0,8.0,28.0,93.0,63,128.0,0.0,1.0,28:57,689:56,28,52.31,8.6,2.0,0.0,0.0,0.0,80:05,27.0,-8.0,15.0,1147.0,,,,,,,,,,,,,,,,,,,,
8470176,Sean Bergenheim,2014 - 2015,30-357d,201,"5' 11""",551:56,10.0,8.0,34.0,84.0,39,49.0,0.0,2.0,23:14,522:16,34,40.0,9.52,2.0,0.0,0.0,0.0,06:26,7.0,2.0,18.0,690.0,,,,,,,,,,,,,,,,,,,,
8470839,Shane O'Brien,2014 - 2015,31-175d,230,"6' 3""",121:19,1.0,0.0,5.0,4.0,9,36.0,0.0,0.0,00:59,114:42,5,0.0,0.0,0.0,0.0,0.0,0.0,05:38,12.0,-4.0,1.0,174.0,,,,,,,,,,,,,,,,,,,,
8471245,Dave Bolland,2014 - 2015,28-240d,184,"6' 0""",866:38,17.0,6.0,48.0,76.0,53,88.0,0.0,5.0,71:07,701:09,48,44.47,7.89,0.0,0.0,1.0,1.0,94:22,21.0,4.0,23.0,1180.0,,,,,,,,,,,,,,,,,,,,
8471245,Dave Bolland,2015 - 2016,29-239d,184,"6' 0""",352:18,4.0,1.0,16.0,26.0,25,36.0,0.0,3.0,19:43,282:44,16,45.75,3.85,0.0,0.0,0.0,0.0,49:51,9.0,-2.0,5.0,506.0,,,,,,,,,,,,,,,,,,,,
8474000,Steven Kampfer,2014 - 2015,26-128d,198,"5' 11""",429:55,2.0,2.0,12.0,28.0,25,49.0,0.0,1.0,10:42,392:50,12,0.0,7.14,1.0,0.0,0.0,0.0,26:23,33.0,-4.0,4.0,544.0,,,,,,,,,,,,,,,,,,,,
8474000,Steven Kampfer,2015 - 2016,27-128d,198,"5' 11""",709:26,4.0,0.0,26.0,54.0,47,70.0,0.0,1.0,09:52,659:26,26,50.0,0.0,0.0,0.0,0.0,0.0,40:08,70.0,5.0,4.0,887.0,,,,,,,,,,,,,,,,,,,,
8474000,Steven Kampfer,2016 - 2017,28-129d,198,"5' 11""",16:48,0.0,0.0,4.0,0.0,1,1.0,0.0,0.0,00:23,16:16,4,0.0,0.0,0.0,0.0,0.0,0.0,00:09,1.0,-1.0,0.0,19.0,,,,,,,,,,,,,,,,,,,,
8474606,Colby Robak,2014 - 2015,24-282d,194,"6' 3""",90:44,0.0,0.0,2.0,6.0,7,9.0,0.0,0.0,00:00,90:44,2,0.0,0.0,0.0,0.0,0.0,0.0,00:00,5.0,-1.0,0.0,119.0,,,,,,,,,,,,,,,,,,,,
8474625,Jimmy Hayes,2014 - 2015,25-70d,215,"6' 5""",1090:16,16.0,19.0,20.0,166.0,72,147.0,4.0,11.0,143:28,943:50,20,44.44,11.45,3.0,0.0,0.0,0.0,02:58,12.0,-4.0,35.0,1315.0,,,,,,,,,,,,,,,,,,,,
8475153,Dylan Olsen,2014 - 2015,24-28d,223,"6' 2""",699:44,6.0,2.0,20.0,44.0,44,77.0,0.0,1.0,25:33,596:38,20,0.0,4.55,0.0,0.0,0.0,0.0,77:33,52.0,-7.0,8.0,976.0,,,,,,,,,,,,,,,,,,,,
8475153,Dylan Olsen,2015 - 2016,25-27d,223,"6' 2""",110:01,1.0,0.0,2.0,9.0,8,6.0,0.0,0.0,00:32,109:25,2,0.0,0.0,0.0,0.0,0.0,0.0,00:04,7.0,-1.0,1.0,141.0,,,,,,,,,,,,,,,,,,,,
8475179,Dmitry Kulikov,2014 - 2015,24-94d,201,"6' 1""",1555:44,19.0,3.0,48.0,83.0,73,114.0,1.0,6.0,109:03,1261:47,48,0.0,3.61,0.0,0.0,0.0,1.0,184:54,105.0,0.0,22.0,1905.0,,,,,,,,,,,,,,,,,,,,
8475179,Dmitry Kulikov,2015 - 2016,25-93d,201,"6' 1""",1556:33,16.0,1.0,51.0,99.0,74,122.0,0.0,6.0,103:27,1277:43,51,0.0,1.01,1.0,0.0,0.0,0.0,175:23,121.0,8.0,17.0,1808.0,,,,,,,,,,,,,,,,,,,,
8475204,Brandon Pirri,2014 - 2015,23-296d,180,"6' 1""",723:43,2.0,22.0,14.0,143.0,49,39.0,7.0,7.0,84:33,636:23,14,49.14,15.38,4.0,0.0,0.0,0.0,02:47,13.0,6.0,24.0,885.0,,,,,,,,,,,,,,,,,,,,
8475204,Brandon Pirri,2015 - 2016,24-296d,180,"6' 1""",770:55,13.0,11.0,30.0,111.0,52,55.0,3.0,8.0,116:06,652:50,30,46.81,9.91,2.0,0.0,0.0,0.0,01:59,11.0,-4.0,24.0,963.0,,,,,,,,,,,,,,,,,,,,
8475253,Garrett Wilson,2014 - 2015,23-321d,218,"6' 3""",17:41,0.0,0.0,0.0,5.0,2,5.0,0.0,0.0,00:22,17:19,0,0.0,0.0,0.0,0.0,0.0,0.0,00:00,1.0,-2.0,0.0,25.0,,,,,,,,,,,,,,,,,,,,
8475253,Garrett Wilson,2015 - 2016,24-321d,218,"6' 3""",271:48,0.0,0.0,24.0,28.0,29,75.0,0.0,0.0,03:40,268:08,24,0.0,0.0,0.0,0.0,0.0,0.0,00:00,4.0,-3.0,0.0,371.0,,,,,,,,,,,,,,,,,,,,
8475755,Alexander Petrovic,2014 - 2015,22-333d,220,"6' 4""",536:34,3.0,0.0,34.0,29.0,33,76.0,0.0,0.0,06:11,504:23,34,0.0,0.0,0.0,0.0,0.0,0.0,26:00,34.0,-4.0,3.0,686.0,,,,,,,,,,,,,,,,,,,,
8475755,Alexander Petrovic,2015 - 2016,23-333d,220,"6' 4""",1119:04,15.0,2.0,90.0,53.0,66,157.0,0.0,0.0,10:29,991:15,90,0.0,3.77,0.0,0.0,0.0,1.0,117:20,76.0,17.0,17.0,1400.0,,,,,,,,,,,,,,,,,,,,
8475755,Alexander Petrovic,2016 - 2017,24-334d,220,"6' 4""",889:21,13.0,1.0,79.0,55.0,49,106.0,0.0,0.0,05:26,819:30,79,0.0,1.82,0.0,0.0,0.0,0.0,64:25,55.0,-1.0,14.0,1055.0,,,,,,,,,,,,,,,,,,,,
8475755,Alexander Petrovic,2017 - 2018,25-333d,220,"6' 4""",982:00,11.0,2.0,98.0,60.0,67,142.0,0.0,0.0,01:36,952:41,98,0.0,3.33,1.0,0.0,0.0,0.0,27:43,74.0,-2.0,13.0,1278.0,,,,,,,,,,,,,,,,,,,,
8475755,Alexander Petrovic,2018 - 2019,26-333d,220,"6' 4""",452:09,1.0,0.0,24.0,40.0,26,86.0,0.0,0.0,04:36,408:38,24,0.0,0.0,0.0,0.0,0.0,0.0,38:55,42.0,-8.0,1.0,623.0,,,,,,,,,,,,,,,,,,,,
8475760,Nick Bjugstad,2014 - 2015,22-197d,209,"6' 6""",1193:55,19.0,24.0,38.0,207.0,72,148.0,7.0,12.0,166:50,989:52,38,48.89,11.59,3.0,0.0,0.0,0.0,37:13,29.0,-7.0,43.0,1508.0,,,,,,,,,,,,,,,,,,,,
8475760,Nick Bjugstad,2015 - 2016,23-197d,209,"6' 6""",1039:10,19.0,15.0,41.0,171.0,67,87.0,6.0,15.0,173:16,855:24,41,51.73,8.77,3.0,0.0,0.0,0.0,10:30,28.0,-8.0,34.0,1306.0,,,,,,,,,,,,,,,,,,,,
8475760,Nick Bjugstad,2016 - 2017,24-198d,209,"6' 6""",710:15,7.0,7.0,22.0,91.0,54,72.0,1.0,3.0,76:32,631:51,22,47.57,7.69,1.0,0.0,0.0,0.0,01:52,9.0,-19.0,14.0,984.0,,,,,,,,,,,,,,,,,,,,
8475760,Nick Bjugstad,2017 - 2018,25-197d,209,"6' 6""",1239:49,30.0,19.0,41.0,230.0,82,95.0,1.0,7.0,124:48,1114:01,41,51.01,8.26,1.0,0.0,0.0,0.0,01:00,19.0,5.0,49.0,1693.0,,,,,,,,,,,,,,,,,,,,
8475760,Nick Bjugstad,2018 - 2019,26-197d,209,"6' 6""",463:53,7.0,5.0,16.0,60.0,32,44.0,1.0,3.0,56:52,406:29,16,50.99,8.33,1.0,0.0,0.0,0.0,00:32,18.0,2.0,12.0,650.0,,,,,,,,,,,,,,,,,,,,
8475790,Erik Gudbranson,2014 - 2015,23-24d,222,"6' 5""",1414:58,9.0,4.0,58.0,110.0,76,212.0,0.0,4.0,67:09,1182:01,58,0.0,3.64,0.0,0.0,0.0,0.0,165:48,75.0,-4.0,13.0,1830.0,,,,,,,,,,,,,,,,,,,,
8475790,Erik Gudbranson,2015 - 2016,24-24d,222,"6' 5""",1287:12,7.0,2.0,49.0,73.0,64,150.0,0.0,0.0,21:15,1058:50,49,0.0,2.74,0.0,0.0,0.0,0.0,207:07,73.0,3.0,9.0,1488.0,,,,,,,,,,,,,,,,,,,,
8476389,Vincent Trocheck,2014 - 2015,21-203d,184,"5' 11""",700:16,15.0,7.0,24.0,89.0,50,93.0,1.0,1.0,45:18,649:58,24,48.65,7.87,0.0,0.0,0.0,0.0,05:00,19.0,9.0,22.0,859.0,,,,,,,,,,,,,,,,,,,,
8476389,Vincent Trocheck,2015 - 2016,22-203d,184,"5' 11""",1350:32,28.0,25.0,44.0,174.0,76,125.0,4.0,13.0,203:43,1086:34,44,49.46,14.37,4.0,0.0,1.0,1.0,60:15,41.0,15.0,53.0,1618.0,,,,,,,,,,,,,,,,,,,,
8476389,Vincent Trocheck,2016 - 2017,23-204d,184,"5' 11""",1707:53,31.0,23.0,43.0,230.0,82,164.0,2.0,12.0,224:07,1326:26,43,50.18,10.0,2.0,1.0,0.0,1.0,157:20,51.0,-13.0,54.0,2101.0,,,,,,,,,,,,,,,,,,,,
8476389,Vincent Trocheck,2017 - 2018,24-204d,184,"5' 11""",1751:52,44.0,31.0,54.0,287.0,82,145.0,13.0,27.0,285:13,1318:31,54,54.09,10.8,5.0,0.0,3.0,4.0,148:08,55.0,-9.0,75.0,2168.0,,,,,,,,,,,,,,,,,,,,
8476389,Vincent Trocheck,2018 - 2019,25-203d,184,"5' 11""",1081:16,24.0,10.0,54.0,158.0,55,112.0,3.0,13.0,135:31,855:35,54,51.82,6.33,1.0,0.0,1.0,1.0,90:10,42.0,-9.0,34.0,1366.0,,,,,,,,,,,,,,,,,,,,
8476389,Vincent Trocheck,2019 - 2020,26-203d,184,"5' 11""",927:28,26.0,10.0,33.0,129.0,55,83.0,0.0,5.0,107:40,796:02,33,52.33,7.8,1.0,0.0,1.0,1.0,23:46,33.0,-3.0,36.0,1137.0,,,,,,,,,,,,,,,,,,,,
8476428,Rocco Grimaldi,2014 - 2015,21-356d,180,"5' 6""",88:16,0.0,1.0,4.0,18.0,7,7.0,0.0,0.0,02:38,85:38,4,42.86,5.56,0.0,0.0,0.0,0.0,00:00,1.0,1.0,1.0,127.0,,,,,,,,,,,,,,,,,,,,
8476428,Rocco Grimaldi,2015 - 2016,22-356d,180,"5' 6""",237:18,2.0,3.0,2.0,29.0,20,17.0,0.0,0.0,10:12,226:48,2,43.52,10.34,0.0,0.0,0.0,0.0,00:18,2.0,-4.0,5.0,303.0,,,,,,,,,,,,,,,,,,,,
8476456,Jonathan Huberdeau,2014 - 2015,21-240d,200,"6' 1""",1323:05,39.0,15.0,38.0,169.0,79,68.0,0.0,12.0,185:21,1127:24,38,25.0,8.88,0.0,0.0,0.0,0.0,10:20,24.0,10.0,54.0,1636.0,,,,,,,,,,,,,,,,,,,,
8476456,Jonathan Huberdeau,2015 - 2016,22-240d,200,"6' 1""",1378:55,39.0,20.0,43.0,174.0,76,53.0,4.0,13.0,204:58,1133:59,43,38.89,11.49,2.0,0.0,1.0,1.0,39:58,36.0,17.0,59.0,1639.0,,,,,,,,,,,,,,,,,,,,
8476456,Jonathan Huberdeau,2016 - 2017,23-241d,200,"6' 1""",555:30,16.0,10.0,13.0,86.0,31,18.0,3.0,7.0,78:45,473:52,13,44.44,11.63,2.0,1.0,0.0,0.0,02:53,7.0,-2.0,26.0,697.0,,,,,,,,,,,,,,,,,,,,
8476456,Jonathan Huberdeau,2017 - 2018,24-241d,200,"6' 1""",1574:55,42.0,27.0,32.0,204.0,82,41.0,7.0,19.0,278:02,1288:45,32,47.73,13.24,4.0,0.0,0.0,0.0,08:08,42.0,-2.0,69.0,1912.0,,,,,,,,,,,,,,,,,,,,
8476456,Jonathan Huberdeau,2018 - 2019,25-240d,200,"6' 1""",1545:59,62.0,30.0,40.0,226.0,82,57.0,11.0,34.0,279:58,1252:01,40,63.16,13.27,5.0,0.0,0.0,0.0,14:00,45.0,-14.0,92.0,1846.0,,,,,,,,,,,,,,,,,,,,
8476456,Jonathan Huberdeau,2019 - 2020,26-240d,200,"6' 1""",1295:13,55.0,23.0,30.0,152.0,69,51.0,5.0,29.0,246:26,1047:09,30,39.34,15.1,3.0,1.0,0.0,0.0,01:38,26.0,5.0,78.0,1490.0,,,,,,,,,,,,,,,,,,,,
8476456,Jonathan Huberdeau,2020 - 2021,27-241d,200,"6' 1""",1012:34,41.0,20.0,36.0,122.0,55,51.0,5.0,24.0,237:16,774:12,36,43.59,16.4,1.0,1.0,0.0,0.0,01:06,11.0,12.0,61.0,1166.0,,,,,,,,,,,,,,,,,,,,
8476456,Jonathan Huberdeau,2021 - 2022,28-241d,200,"6' 1""",1553:58,85.0,30.0,54.0,222.0,80,99.0,5.0,38.0,295:08,1112:22,54,33.33,13.5,7.0,2.0,3.0,5.0,146:28,28.0,35.0,115.0,1839.0,,,,,,,,,,,,,,,,,,,,
8477493,Aleksander Barkov,2014 - 2015,19-151d,215,"6' 3""",1242:25,20.0,16.0,16.0,123.0,71,35.0,3.0,7.0,160:55,1049:02,16,46.11,13.01,3.0,0.0,0.0,0.0,32:28,35.0,-4.0,36.0,1516.0,,,,,,,,,,,,,,,,,,,,
8477493,Aleksander Barkov,2015 - 2016,20-151d,215,"6' 3""",1282:23,31.0,28.0,8.0,171.0,66,43.0,9.0,16.0,187:35,976:42,8,49.22,16.37,8.0,0.0,1.0,2.0,118:06,39.0,18.0,59.0,1517.0,,,,,,,,,,,,,,,,,,,,
8477493,Aleksander Barkov,2016 - 2017,21-151d,215,"6' 3""",1183:30,31.0,21.0,10.0,142.0,61,39.0,3.0,14.0,177:29,927:57,10,46.53,14.79,5.0,2.0,0.0,0.0,78:04,30.0,13.0,52.0,1469.0,,,,,,,,,,,,,,,,,,,,
8477493,Aleksander Barkov,2017 - 2018,22-151d,215,"6' 3""",1743:32,51.0,27.0,14.0,256.0,79,30.0,5.0,17.0,267:10,1337:52,14,53.51,10.55,3.0,0.0,5.0,5.0,138:30,67.0,9.0,78.0,2155.0,,,,,,,,,,,,,,,,,,,,
8477493,Aleksander Barkov,2018 - 2019,23-151d,215,"6' 3""",1833:01,61.0,35.0,8.0,206.0,82,28.0,13.0,31.0,288:19,1375:06,8,53.69,16.99,5.0,2.0,0.0,1.0,169:36,61.0,-3.0,96.0,2218.0,,,,,,,,,,,,,,,,,,,,
8477493,Aleksander Barkov,2019 - 2020,24-151d,215,"6' 3""",1321:00,42.0,20.0,18.0,172.0,66,21.0,7.0,20.0,223:45,1023:46,18,54.28,11.6,2.0,0.0,0.0,1.0,73:29,35.0,2.0,62.0,1529.0,,,,,,,,,,,,,,,,,,,,
8477493,Aleksander Barkov,2020 - 2021,25-151d,215,"6' 3""",1046:52,32.0,26.0,14.0,176.0,50,31.0,7.0,19.0,199:33,776:04,14,54.87,14.8,6.0,2.0,1.0,1.0,71:15,37.0,12.0,58.0,1208.0,,,,,,,,,,,,,,,,,,,,
8477493,Aleksander Barkov,2021 - 2022,26-151d,215,"6' 3""",1360:19,49.0,39.0,18.0,214.0,67,50.0,12.0,26.0,233:37,982:02,18,56.95,18.2,5.0,2.0,4.0,5.0,144:40,42.0,36.0,88.0,1559.0,,,,,,,,,,,,,,,,,,,,
8477932,Aaron Ekblad,2014 - 2015,18-358d,215,"6' 4""",1766:37,27.0,12.0,32.0,170.0,81,109.0,6.0,13.0,227:24,1504:41,32,0.0,7.06,4.0,0.0,0.0,0.0,34:32,80.0,12.0,39.0,1966.0,,,,,,,,,,,,,,,,,,,,
8477932,Aaron Ekblad,2015 - 2016,19-358d,215,"6' 4""",1690:49,21.0,15.0,41.0,182.0,78,87.0,3.0,9.0,221:15,1411:37,41,0.0,8.24,4.0,0.0,0.0,0.0,57:57,59.0,18.0,36.0,1878.0,,,,,,,,,,,,,,,,,,,,
8477932,Aaron Ekblad,2016 - 2017,20-359d,215,"6' 4""",1459:17,11.0,10.0,58.0,225.0,68,88.0,4.0,8.0,189:29,1214:38,58,0.0,4.44,2.0,1.0,1.0,1.0,55:10,62.0,-23.0,21.0,1618.0,,,,,,,,,,,,,,,,,,,,
8477932,Aaron Ekblad,2017 - 2018,21-358d,215,"6' 4""",1917:54,22.0,16.0,71.0,189.0,82,69.0,5.0,11.0,174:23,1559:42,71,0.0,8.47,4.0,1.0,0.0,0.0,183:49,121.0,9.0,38.0,2376.0,,,,,,,,,,,,,,,,,,,,
8477932,Aaron Ekblad,2018 - 2019,22-358d,215,"6' 4""",1938:49,24.0,13.0,47.0,180.0,82,114.0,5.0,10.0,139:17,1610:48,47,0.0,7.22,1.0,1.0,0.0,0.0,188:44,88.0,1.0,37.0,2468.0,,,,,,,,,,,,,,,,,,,,
8477932,Aaron Ekblad,2019 - 2020,23-358d,215,"6' 4""",1539:25,36.0,5.0,26.0,147.0,67,34.0,0.0,6.0,96:47,1306:29,26,0.0,3.4,1.0,1.0,0.0,1.0,136:09,84.0,12.0,41.0,1838.0,,,,,,,,,,,,,,,,,,,,
8477932,Aaron Ekblad,2020 - 2021,24-359d,215,"6' 4""",878:11,11.0,11.0,33.0,101.0,35,24.0,6.0,11.0,135:50,654:16,33,0.0,10.9,3.0,1.0,0.0,0.0,88:05,27.0,5.0,22.0,1018.0,,,,,,,,,,,,,,,,,,,,
8477932,Aaron Ekblad,2021 - 2022,25-358d,215,"6' 4""",1520:12,42.0,15.0,26.0,180.0,61,62.0,3.0,20.0,214:17,1135:14,26,0.0,8.3,2.0,2.0,0.0,3.0,170:41,69.0,38.0,57.0,1831.0,,,,,,,,,,,,,,,,,,,,
8466141,Roberto Luongo,2014 - 2015,35-302d,215,"6' 3""",3528:11,,,,,61,,,,,,,,,,,,,,,,,,12.0,2.0,28.0,19.0,1605.0,248.0,35.0,1322.0,38.0,1418.0,287.0,0.920826,2.346817,61.0,1743.0,138.0,86.41114982578398,92.10526315789474,93.22990126939351,
8466141,Roberto Luongo,2015 - 2016,36-302d,215,"6' 3""",3601:51,,,,,62,,,,,,,,,,,,,,,,,,6.0,4.0,35.0,19.0,1660.0,263.0,40.0,1357.0,43.0,1449.0,309.0,0.92171,2.348793,60.0,1801.0,141.0,85.11326860841424,93.02325581395348,93.65079365079364,
8466141,Roberto Luongo,2016 - 2017,37-303d,215,"6' 3""",2327:10,,,,,40,,,,,,,,,,,,,,,,,,6.0,1.0,17.0,15.0,1113.0,157.0,35.0,921.0,37.0,1010.0,170.0,0.914544,2.682064,39.0,1217.0,104.0,92.3529411764706,94.5945945945946,91.1881188118812,
8466141,Roberto Luongo,2017 - 2018,38-302d,215,"6' 3""",1965:58,,,,,35,,,,,,,,,,,,,,,,,,2.0,3.0,18.0,11.0,1062.0,141.0,35.0,886.0,36.0,950.0,157.0,0.929134,2.472066,33.0,1143.0,81.0,89.80891719745223,97.22222222222221,93.26315789473684,0.0
8466141,Roberto Luongo,2018 - 2019,39-302d,215,"6' 3""",2346:38,,,,,43,,,,,,,,,,,,,,,,,,5.0,1.0,18.0,16.0,1083.0,96.0,33.0,954.0,42.0,1053.0,110.0,0.898755,3.119362,40.0,1205.0,122.0,87.27272727272727,78.57142857142857,90.5982905982906,0.0
8468540,Dan Ellis,2014 - 2015,34-225d,195,"6' 1""",486:28,,,,,8,,,,,,,,,,,,,,,,,,1.0,1.0,4.0,3.0,202.0,26.0,4.0,172.0,5.0,187.0,29.0,0.914027,2.343429,8.0,221.0,19.0,89.65517241379311,80.0,91.97860962566845,
8471219,Al Montoya,2014 - 2015,29-351d,200,"6' 2""",976:56,,,,,20,,,,,,,,,,,,,,,,,,2.0,0.0,6.0,7.0,404.0,51.0,11.0,342.0,13.0,382.0,58.0,0.891832,3.009417,13.0,453.0,49.0,87.93103448275862,84.61538461538461,89.52879581151832,
8471219,Al Montoya,2015 - 2016,30-351d,200,"6' 2""",1351:14,,,,,25,,,,,,,,,,,,,,,,,,3.0,0.0,12.0,7.0,559.0,84.0,12.0,463.0,13.0,503.0,92.0,0.919408,2.17579,22.0,608.0,49.0,91.30434782608695,92.3076923076923,92.04771371769384,
8470201,Jiri Hudler,2015 - 2016,32-27d,190,"5' 10""",252:36,5.0,6.0,10.0,29.0,19,14.0,2.0,2.0,25:08,227:21,10,33.33,20.69,1.0,0.0,0.0,0.0,00:07,3.0,0.0,11.0,332.0,,,,,,,,,,,,,,,,,,,,
8471693,Jakub Kindl,2015 - 2016,28-355d,199,"6' 3""",265:35,2.0,0.0,4.0,26.0,19,26.0,0.0,1.0,03:54,260:30,4,0.0,0.0,0.0,0.0,0.0,0.0,01:11,9.0,10.0,2.0,357.0,,,,,,,,,,,,,,,,,,,,
8471693,Jakub Kindl,2016 - 2017,29-355d,199,"6' 3""",572:56,4.0,0.0,28.0,41.0,39,49.0,0.0,0.0,10:49,554:54,28,0.0,0.0,0.0,0.0,0.0,0.0,07:13,37.0,-11.0,4.0,749.0,,,,,,,,,,,,,,,,,,,,
8473962,Teddy Purcell,2015 - 2016,30-144d,195,"6' 2""",214:46,8.0,3.0,2.0,19.0,15,4.0,0.0,5.0,34:53,179:07,2,100.0,15.79,0.0,0.0,0.0,0.0,00:46,1.0,-2.0,11.0,265.0,,,,,,,,,,,,,,,,,,,,
8474698,Brent Regner,2015 - 2016,26-258d,189,"5' 11""",81:05,0.0,0.0,4.0,7.0,7,4.0,0.0,0.0,00:19,78:30,4,0.0,0.0,0.0,0.0,0.0,0.0,02:16,7.0,-2.0,0.0,112.0,,,,,,,,,,,,,,,,,,,,
8475191,Reilly Smith,2015 - 2016,24-305d,185,"6' 1""",1526:06,25.0,25.0,31.0,173.0,82,85.0,5.0,11.0,210:40,1128:09,31,0.0,14.45,3.0,0.0,0.0,1.0,187:17,39.0,19.0,50.0,1957.0,,,,,,,,,,,,,,,,,,,,
8475191,Reilly Smith,2016 - 2017,25-305d,185,"6' 1""",1468:16,22.0,15.0,17.0,160.0,80,75.0,6.0,11.0,193:04,1137:46,17,50.0,9.38,3.0,0.0,1.0,1.0,137:26,34.0,-13.0,37.0,1948.0,,,,,,,,,,,,,,,,,,,,
8475260,Corban Knight,2015 - 2016,25-142d,195,"6' 2""",192:38,5.0,2.0,4.0,11.0,20,18.0,0.0,0.0,02:06,189:27,4,50.94,18.18,0.0,0.0,0.0,0.0,01:05,2.0,3.0,7.0,264.0,,,,,,,,,,,,,,,,,,,,
8475735,Greg McKegg,2015 - 2016,23-227d,195,"6' 0""",123:52,0.0,2.0,2.0,14.0,15,20.0,0.0,0.0,01:10,118:48,2,45.05,14.29,0.0,0.0,0.0,0.0,03:54,6.0,1.0,2.0,184.0,,,,,,,,,,,,,,,,,,,,
8475735,Greg McKegg,2016 - 2017,24-228d,195,"6' 0""",316:30,3.0,3.0,11.0,28.0,31,33.0,0.0,0.0,06:22,291:57,11,51.81,10.71,0.0,0.0,0.0,0.0,18:11,12.0,-5.0,6.0,463.0,,,,,,,,,,,,,,,,,,,,
8475736,Connor Brickley,2015 - 2016,23-340d,203,"6' 0""",200:41,4.0,1.0,14.0,13.0,23,46.0,0.0,0.0,03:12,197:27,14,0.0,7.69,1.0,0.0,0.0,0.0,00:02,6.0,1.0,5.0,272.0,,,,,,,,,,,,,,,,,,,,
8475736,Connor Brickley,2017 - 2018,25-340d,203,"6' 0""",523:12,8.0,4.0,19.0,62.0,44,82.0,0.0,0.0,04:20,480:20,19,18.75,6.45,2.0,0.0,0.0,0.0,38:32,28.0,-6.0,12.0,756.0,,,,,,,,,,,,,,,,,,,,
8475756,John McFarland,2015 - 2016,23-303d,211,"6' 0""",29:44,0.0,0.0,0.0,2.0,3,5.0,0.0,0.0,00:47,28:57,0,0.0,0.0,0.0,0.0,0.0,0.0,00:00,3.0,-1.0,0.0,49.0,,,,,,,,,,,,,,,,,,,,
8475769,Quinton Howden,2015 - 2016,24-10d,189,"6' 2""",601:35,5.0,6.0,18.0,54.0,58,116.0,0.0,0.0,06:25,588:36,18,50.0,11.11,0.0,0.0,0.0,0.0,06:34,10.0,-1.0,11.0,782.0,,,,,,,,,,,,,,,,,,,,
8476400,Logan Shaw,2015 - 2016,23-117d,208,"6' 3""",648:46,2.0,5.0,13.0,72.0,53,88.0,1.0,1.0,55:03,565:13,13,43.24,6.94,1.0,0.0,0.0,0.0,28:30,20.0,-7.0,7.0,887.0,,,,,,,,,,,,,,,,,,,,
8476415,Kyle Rau,2015 - 2016,23-98d,171,"5' 9""",113:19,0.0,0.0,2.0,15.0,9,4.0,0.0,0.0,04:32,106:35,2,0.0,0.0,0.0,0.0,0.0,0.0,02:12,3.0,-1.0,0.0,158.0,,,,,,,,,,,,,,,,,,,,
8476415,Kyle Rau,2016 - 2017,24-99d,171,"5' 9""",230:24,1.0,2.0,4.0,21.0,24,24.0,0.0,0.0,05:05,225:19,4,66.67,9.52,0.0,0.0,0.0,0.0,00:00,3.0,-3.0,3.0,324.0,,,,,,,,,,,,,,,,,,,,
8476875,Mike Matheson,2015 - 2016,21-337d,193,"6' 2""",52:36,0.0,0.0,2.0,4.0,3,1.0,0.0,0.0,00:03,52:09,2,0.0,0.0,0.0,0.0,0.0,0.0,00:24,1.0,1.0,0.0,63.0,,,,,,,,,,,,,,,,,,,,
8476875,Mike Matheson,2016 - 2017,22-338d,193,"6' 2""",1705:17,10.0,7.0,36.0,179.0,81,69.0,0.0,1.0,41:05,1453:51,36,100.0,3.91,0.0,0.0,0.0,1.0,210:21,118.0,-5.0,17.0,1952.0,,,,,,,,,,,,,,,,,,,,
8476875,Mike Matheson,2017 - 2018,23-338d,193,"6' 2""",1728:19,17.0,10.0,61.0,167.0,81,53.0,1.0,4.0,90:11,1492:59,61,0.0,5.99,2.0,1.0,0.0,1.0,145:09,137.0,-1.0,27.0,2182.0,,,,,,,,,,,,,,,,,,,,
8476875,Mike Matheson,2018 - 2019,24-338d,193,"6' 2""",1673:51,19.0,8.0,44.0,129.0,75,63.0,0.0,6.0,59:56,1434:12,44,0.0,6.2,2.0,1.0,0.0,2.0,179:43,132.0,-24.0,27.0,2126.0,,,,,,,,,,,,,,,,,,,,
8476875,Mike Matheson,2019 - 2020,25-337d,193,"6' 2""",1064:06,12.0,8.0,14.0,104.0,59,44.0,1.0,2.0,12:24,980:02,14,0.0,7.7,1.0,0.0,0.0,0.0,71:40,53.0,-1.0,20.0,1268.0,,,,,,,,,,,,,,,,,,,,
8470598,Thomas Vanek,2016 - 2017,33-12d,214,"6' 2""",277:53,8.0,2.0,6.0,34.0,20,6.0,0.0,2.0,45:41,232:00,6,0.0,5.88,0.0,0.0,0.0,0.0,00:12,3.0,-7.0,10.0,362.0,,,,,,,,,,,,,,,,,,,,
8471735,Keith Yandle,2016 - 2017,30-144d,192,"6' 1""",1807:16,36.0,5.0,39.0,178.0,82,28.0,2.0,18.0,252:58,1415:04,39,0.0,2.81,0.0,0.0,0.0,1.0,139:14,76.0,-6.0,41.0,2105.0,,,,,,,,,,,,,,,,,,,,
8471735,Keith Yandle,2017 - 2018,31-144d,192,"6' 1""",2008:06,48.0,8.0,35.0,179.0,82,26.0,1.0,18.0,270:31,1554:16,35,0.0,4.47,1.0,0.0,0.0,2.0,183:19,101.0,7.0,56.0,2410.0,,,,,,,,,,,,,,,,,,,,
8471735,Keith Yandle,2018 - 2019,32-144d,192,"6' 1""",1840:22,53.0,9.0,50.0,199.0,82,47.0,7.0,39.0,291:23,1518:09,50,0.0,4.52,2.0,0.0,0.0,0.0,30:50,76.0,-17.0,62.0,2304.0,,,,,,,,,,,,,,,,,,,,
8471735,Keith Yandle,2019 - 2020,33-143d,192,"6' 1""",1359:04,40.0,5.0,20.0,129.0,69,18.0,2.0,21.0,255:42,1099:31,20,0.0,3.9,0.0,0.0,0.0,0.0,03:51,51.0,0.0,45.0,1506.0,,,,,,,,,,,,,,,,,,,,
8471735,Keith Yandle,2020 - 2021,34-144d,192,"6' 1""",965:32,24.0,3.0,38.0,113.0,56,18.0,1.0,18.0,249:10,714:14,38,0.0,2.7,1.0,0.0,0.0,0.0,02:08,27.0,-8.0,27.0,1153.0,,,,,,,,,,,,,,,,,,,,
8474098,Colton Sceviour,2016 - 2017,27-286d,190,"6' 0""",1170:41,15.0,9.0,25.0,172.0,80,108.0,1.0,3.0,66:38,943:09,25,53.45,5.23,1.0,0.0,3.0,4.0,160:54,64.0,-16.0,24.0,1596.0,,,,,,,,,,,,,,,,,,,,
8474098,Colton Sceviour,2017 - 2018,28-286d,190,"6' 0""",1021:24,13.0,11.0,24.0,141.0,76,84.0,0.0,0.0,04:26,838:36,24,48.73,7.8,2.0,0.0,1.0,3.0,178:22,69.0,6.0,24.0,1444.0,,,,,,,,,,,,,,,,,,,,
8474098,Colton Sceviour,2018 - 2019,29-285d,190,"6' 0""",725:25,10.0,5.0,15.0,116.0,59,89.0,0.0,1.0,02:53,603:16,15,35.45,4.31,0.0,0.0,0.0,0.0,119:16,58.0,-2.0,15.0,1055.0,,,,,,,,,,,,,,,,,,,,
8474098,Colton Sceviour,2019 - 2020,30-285d,190,"6' 0""",913:58,10.0,6.0,6.0,114.0,69,91.0,0.0,0.0,01:23,740:03,6,43.92,5.3,0.0,0.0,0.0,0.0,172:32,72.0,2.0,16.0,1267.0,,,,,,,,,,,,,,,,,,,,
8474218,Jason Demers,2016 - 2017,28-236d,195,"6' 1""",1588:29,19.0,9.0,53.0,98.0,81,106.0,0.0,5.0,131:08,1315:05,53,0.0,9.18,2.0,0.0,0.0,2.0,142:16,90.0,-14.0,28.0,2019.0,,,,,,,,,,,,,,,,,,,,
8475597,Shane Harper,2016 - 2017,27-364d,193,"5' 11""",144:12,1.0,2.0,18.0,13.0,14,19.0,0.0,0.0,00:17,143:43,18,0.0,15.38,0.0,0.0,0.0,0.0,00:12,0.0,-1.0,3.0,193.0,,,,,,,,,,,,,,,,,,,,
8475795,Dylan McIlrath,2016 - 2017,24-286d,232,"6' 5""",47:52,0.0,1.0,10.0,3.0,5,13.0,0.0,0.0,00:00,46:46,10,0.0,33.33,0.0,0.0,0.0,0.0,01:06,4.0,-2.0,1.0,63.0,,,,,,,,,,,,,,,,,,,,
8475796,Mark Pysyk,2016 - 2017,25-20d,205,"6' 1""",1521:59,13.0,4.0,10.0,86.0,82,72.0,0.0,0.0,07:11,1282:22,10,0.0,4.65,0.0,0.0,0.0,0.0,232:26,99.0,0.0,17.0,1896.0,,,,,,,,,,,,,,,,,,,,
8475796,Mark Pysyk,2017 - 2018,26-20d,205,"6' 1""",1538:25,13.0,3.0,20.0,106.0,82,102.0,0.0,0.0,07:34,1361:23,20,0.0,2.83,0.0,0.0,0.0,0.0,169:28,123.0,-8.0,16.0,2118.0,,,,,,,,,,,,,,,,,,,,
8475796,Mark Pysyk,2018 - 2019,27-20d,205,"6' 1""",1278:50,10.0,1.0,26.0,64.0,70,133.0,0.0,0.0,03:30,1152:57,26,0.0,1.56,0.0,0.0,0.0,1.0,122:23,89.0,-1.0,11.0,1798.0,,,,,,,,,,,,,,,,,,,,
8475796,Mark Pysyk,2019 - 2020,28-20d,205,"6' 1""",739:35,9.0,9.0,20.0,64.0,58,47.0,0.0,0.0,00:35,703:35,20,50.0,14.1,1.0,0.0,0.0,0.0,35:25,38.0,4.0,18.0,997.0,,,,,,,,,,,,,,,,,,,,
8475958,Michael Sgarbossa,2016 - 2017,24-190d,179,"6' 0""",338:37,5.0,2.0,9.0,26.0,29,33.0,1.0,1.0,22:38,313:11,9,44.64,7.69,0.0,0.0,0.0,0.0,02:48,12.0,-3.0,7.0,495.0,,,,,,,,,,,,,,,,,,,,
8476200,Paul Thompson,2016 - 2017,28-62d,201,"6' 1""",165:54,3.0,0.0,22.0,19.0,21,48.0,0.0,0.0,00:11,165:33,22,0.0,0.0,0.0,0.0,0.0,0.0,00:10,16.0,-4.0,3.0,255.0,,,,,,,,,,,,,,,,,,,,
8476495,Seth Griffith,2016 - 2017,24-27d,190,"5' 9""",277:13,5.0,0.0,8.0,18.0,21,27.0,0.0,1.0,29:41,247:31,8,25.0,0.0,0.0,0.0,0.0,0.0,00:01,5.0,6.0,5.0,379.0,,,,,,,,,,,,,,,,,,,,
8476539,Jonathan Marchessault,2016 - 2017,26-35d,183,"5' 9""",1268:19,21.0,30.0,38.0,193.0,75,105.0,8.0,18.0,202:23,1062:23,38,45.19,15.54,6.0,1.0,0.0,0.0,03:33,17.0,-21.0,51.0,1567.0,,,,,,,,,,,,,,,,,,,,
8477346,MacKenzie Weegar,2016 - 2017,23-24d,206,"6' 0""",52:20,0.0,0.0,4.0,3.0,3,4.0,0.0,0.0,05:45,46:35,4,0.0,0.0,0.0,0.0,0.0,0.0,00:00,1.0,0.0,0.0,62.0,,,,,,,,,,,,,,,,,,,,
8477346,MacKenzie Weegar,2017 - 2018,24-24d,206,"6' 0""",874:20,6.0,2.0,32.0,58.0,60,108.0,0.0,0.0,22:57,842:55,32,0.0,3.45,0.0,0.0,0.0,0.0,08:28,69.0,5.0,8.0,1153.0,,,,,,,,,,,,,,,,,,,,
8477346,MacKenzie Weegar,2018 - 2019,25-23d,206,"6' 0""",1085:51,11.0,4.0,64.0,79.0,64,127.0,0.0,1.0,18:37,974:50,64,100.0,5.06,2.0,0.0,0.0,0.0,92:24,103.0,-3.0,15.0,1471.0,,,,,,,,,,,,,,,,,,,,
8477346,MacKenzie Weegar,2019 - 2020,26-23d,206,"6' 0""",905:15,11.0,7.0,33.0,77.0,45,76.0,0.0,0.0,09:18,815:15,33,0.0,9.1,1.0,0.0,0.0,0.0,80:42,71.0,6.0,18.0,1133.0,,,,,,,,,,,,,,,,,,,,
8477346,MacKenzie Weegar,2020 - 2021,27-24d,206,"6' 0""",1194:16,30.0,6.0,45.0,101.0,54,118.0,0.0,3.0,22:49,1027:35,45,0.0,5.9,1.0,0.0,0.0,2.0,143:52,83.0,29.0,36.0,1513.0,,,,,,,,,,,,,,,,,,,,
8477346,MacKenzie Weegar,2021 - 2022,28-24d,206,"6' 0""",1869:48,36.0,8.0,81.0,203.0,80,179.0,1.0,3.0,53:01,1595:04,81,0.0,3.9,2.0,0.0,1.0,2.0,221:43,156.0,40.0,44.0,2372.0,,,,,,,,,,,,,,,,,,,,
8477452,Ian McCoshen,2016 - 2017,21-179d,218,"6' 3""",39:46,1.0,0.0,0.0,0.0,3,3.0,0.0,0.0,00:00,39:46,0,0.0,0.0,0.0,0.0,0.0,0.0,00:00,2.0,0.0,1.0,52.0,,,,,,,,,,,,,,,,,,,,
8477452,Ian McCoshen,2017 - 2018,22-179d,218,"6' 3""",572:53,1.0,3.0,25.0,26.0,38,71.0,0.0,0.0,00:45,530:25,25,0.0,11.54,1.0,0.0,0.0,0.0,41:43,43.0,-10.0,4.0,764.0,,,,,,,,,,,,,,,,,,,,
8477452,Ian McCoshen,2018 - 2019,23-179d,218,"6' 3""",253:04,1.0,1.0,8.0,15.0,19,41.0,0.0,0.0,00:09,234:06,8,0.0,6.67,0.0,0.0,0.0,0.0,18:49,13.0,-2.0,2.0,350.0,,,,,,,,,,,,,,,,,,,,
8477955,Jared McCann,2016 - 2017,20-245d,191,"6' 1""",337:25,6.0,1.0,4.0,44.0,29,28.0,0.0,1.0,28:38,308:13,4,39.05,2.27,0.0,0.0,0.0,0.0,00:34,6.0,-1.0,7.0,465.0,,,,,,,,,,,,,,,,,,,,
8477955,Jared McCann,2017 - 2018,21-244d,191,"6' 1""",901:21,19.0,9.0,30.0,143.0,68,43.0,1.0,1.0,44:50,818:59,30,38.55,6.29,4.0,1.0,0.0,1.0,37:32,32.0,11.0,28.0,1345.0,,,,,,,,,,,,,,,,,,,,
8477955,Jared McCann,2018 - 2019,22-244d,191,"6' 1""",647:15,10.0,8.0,18.0,78.0,46,45.0,1.0,3.0,48:36,553:29,18,45.61,10.26,1.0,0.0,1.0,1.0,45:10,21.0,-9.0,18.0,993.0,,,,,,,,,,,,,,,,,,,,
8478843,Denis Malgin,2016 - 2017,20-13d,182,"5' 9""",528:12,4.0,6.0,8.0,67.0,47,34.0,2.0,2.0,52:20,475:37,8,36.41,8.96,1.0,1.0,0.0,0.0,00:15,15.0,-5.0,10.0,720.0,,,,,,,,,,,,,,,,,,,,
8478843,Denis Malgin,2017 - 2018,21-12d,182,"5' 9""",706:30,11.0,11.0,6.0,79.0,51,48.0,1.0,6.0,62:50,643:16,6,42.62,13.92,3.0,0.0,0.0,0.0,00:24,24.0,4.0,22.0,985.0,,,,,,,,,,,,,,,,,,,,
8478843,Denis Malgin,2018 - 2019,22-12d,182,"5' 9""",644:28,9.0,7.0,14.0,66.0,50,40.0,0.0,1.0,25:14,592:05,14,39.13,10.61,0.0,0.0,0.0,0.0,27:09,21.0,-10.0,16.0,944.0,,,,,,,,,,,,,,,,,,,,
8478843,Denis Malgin,2019 - 2020,23-12d,182,"5' 9""",444:50,8.0,4.0,12.0,47.0,36,26.0,1.0,1.0,35:08,401:00,12,39.88,8.5,0.0,0.0,0.0,1.0,08:42,13.0,-6.0,12.0,611.0,,,,,,,,,,,,,,,,,,,,
8473499,Reto Berra,2016 - 2017,30-28d,218,"6' 4""",313:07,,,,,7,,,,,,,,,,,,,,,,,,0.0,0.0,0.0,5.0,127.0,20.0,4.0,103.0,6.0,117.0,22.0,0.875862,3.449194,4.0,145.0,18.0,90.9090909090909,66.66666666666666,88.03418803418803,
8473503,James Reimer,2016 - 2017,28-322d,205,"6' 3""",2324:35,,,,,43,,,,,,,,,,,,,,,,,,5.0,3.0,18.0,16.0,1124.0,145.0,17.0,962.0,21.0,1035.0,166.0,0.919804,2.529486,39.0,1222.0,98.0,87.34939759036145,80.95238095238095,92.94685990338164,
8473503,James Reimer,2017 - 2018,29-321d,205,"6' 3""",2411:25,,,,,44,,,,,,,,,,,,,,,,,,6.0,4.0,22.0,14.0,1253.0,213.0,25.0,1015.0,27.0,1110.0,236.0,0.9126,2.985797,42.0,1373.0,120.0,90.2542372881356,92.5925925925926,91.44144144144144,0.0
8473503,James Reimer,2018 - 2019,30-321d,205,"6' 3""",1805:11,,,,,36,,,,,,,,,,,,,,,,,,5.0,0.0,13.0,12.0,836.0,93.0,30.0,713.0,33.0,785.0,111.0,0.899892,3.091099,29.0,929.0,93.0,83.78378378378379,90.9090909090909,90.828025477707,0.0
8468085,Radim Vrbata,2017 - 2018,36-232d,194,"6' 1""",542:01,9.0,5.0,16.0,88.0,42,15.0,2.0,4.0,55:12,486:45,16,33.33,5.68,0.0,0.0,0.0,0.0,00:04,16.0,-7.0,14.0,804.0,,,,,,,,,,,,,,,,,,,,
8473465,Jamie McGinn,2017 - 2018,29-178d,205,"6' 1""",1022:31,16.0,13.0,33.0,116.0,76,120.0,4.0,6.0,119:58,901:03,33,26.92,11.21,0.0,0.0,0.0,0.0,01:30,22.0,-5.0,29.0,1474.0,,,,,,,,,,,,,,,,,,,,
8473465,Jamie McGinn,2018 - 2019,30-178d,205,"6' 1""",202:52,3.0,4.0,6.0,23.0,19,34.0,1.0,1.0,20:10,182:35,6,100.0,17.39,1.0,0.0,0.0,0.0,00:07,3.0,-5.0,7.0,292.0,,,,,,,,,,,,,,,,,,,,
8474149,Evgenii Dadonov,2017 - 2018,28-325d,189,"5' 11""",1383:43,37.0,28.0,8.0,188.0,74,27.0,6.0,13.0,245:47,1137:42,8,0.0,14.89,6.0,0.0,0.0,0.0,00:14,33.0,10.0,65.0,1669.0,,,,,,,,,,,,,,,,,,,,
8474149,Evgenii Dadonov,2018 - 2019,29-324d,189,"5' 11""",1506:26,42.0,28.0,8.0,195.0,82,33.0,8.0,17.0,275:09,1230:31,8,40.0,14.36,4.0,0.0,0.0,0.0,00:46,42.0,-6.0,70.0,1834.0,,,,,,,,,,,,,,,,,,,,
8474149,Evgenii Dadonov,2019 - 2020,30-324d,189,"5' 11""",1180:16,22.0,25.0,10.0,167.0,69,29.0,11.0,17.0,230:33,948:59,10,0.0,15.0,2.0,0.0,0.0,0.0,00:44,24.0,-7.0,47.0,1399.0,,,,,,,,,,,,,,,,,,,,
8474230,Micheal Haley,2017 - 2018,31-307d,213,"5' 11""",584:19,6.0,3.0,212.0,55.0,75,124.0,0.0,0.0,02:21,576:36,212,47.5,5.45,1.0,0.0,0.0,0.0,05:22,23.0,-13.0,9.0,895.0,,,,,,,,,,,,,,,,,,,,
8474230,Micheal Haley,2018 - 2019,32-307d,213,"5' 11""",180:16,2.0,1.0,30.0,20.0,24,44.0,0.0,0.0,01:06,178:51,30,50.0,5.0,0.0,0.0,0.0,0.0,00:19,6.0,-2.0,3.0,285.0,,,,,,,,,,,,,,,,,,,,
8476322,Chase Balisy,2017 - 2018,25-363d,179,"5' 11""",78:32,0.0,0.0,0.0,6.0,8,4.0,0.0,0.0,00:00,66:22,0,36.67,0.0,0.0,0.0,0.0,0.0,12:10,2.0,-2.0,0.0,123.0,,,,,,,,,,,,,,,,,,,,
8477583,Curtis Valk,2017 - 2018,24-357d,170,"5' 9""",03:25,0.0,0.0,0.0,0.0,1,1.0,0.0,0.0,00:00,03:25,0,0.0,0.0,0.0,0.0,0.0,0.0,00:00,0.0,0.0,0.0,6.0,,,,,,,,,,,,,,,,,,,,
8478211,Dryden Hunt,2017 - 2018,22-68d,193,"6' 0""",116:11,1.0,0.0,2.0,12.0,11,22.0,0.0,0.0,00:50,115:15,2,25.0,0.0,0.0,0.0,0.0,0.0,00:06,4.0,-5.0,1.0,177.0,,,,,,,,,,,,,,,,,,,,
8478211,Dryden Hunt,2018 - 2019,23-68d,193,"6' 0""",342:56,7.0,3.0,8.0,53.0,31,65.0,0.0,0.0,02:00,340:27,8,0.0,5.66,0.0,0.0,0.0,0.0,00:29,9.0,0.0,10.0,469.0,,,,,,,,,,,,,,,,,,,,
8478211,Dryden Hunt,2019 - 2020,24-68d,193,"6' 0""",220:21,4.0,0.0,24.0,33.0,21,37.0,0.0,0.0,01:36,218:45,24,0.0,0.0,0.0,0.0,0.0,0.0,00:00,7.0,0.0,4.0,308.0,,,,,,,,,,,,,,,,,,,,
8478366,Frank Vatrano,2017 - 2018,23-323d,197,"5' 11""",207:47,3.0,5.0,12.0,30.0,16,17.0,0.0,0.0,11:49,195:58,12,80.0,16.67,0.0,0.0,0.0,0.0,00:00,6.0,6.0,8.0,296.0,,,,,,,,,,,,,,,,,,,,
8478366,Frank Vatrano,2018 - 2019,24-323d,197,"5' 11""",1187:39,15.0,24.0,38.0,208.0,81,139.0,2.0,8.0,134:48,1051:01,38,39.47,11.54,1.0,0.0,0.0,0.0,01:50,74.0,-10.0,39.0,1620.0,,,,,,,,,,,,,,,,,,,,
8478366,Frank Vatrano,2019 - 2020,25-322d,197,"5' 11""",1036:10,18.0,16.0,30.0,162.0,69,102.0,2.0,2.0,100:27,849:07,30,30.0,9.9,4.0,0.0,2.0,2.0,86:36,43.0,-8.0,34.0,1361.0,,,,,,,,,,,,,,,,,,,,
8478366,Frank Vatrano,2020 - 2021,26-323d,197,"5' 11""",812:55,8.0,18.0,26.0,158.0,56,69.0,2.0,4.0,87:41,718:36,26,20.0,11.4,7.0,3.0,0.0,0.0,06:38,21.0,8.0,26.0,1045.0,,,,,,,,,,,,,,,,,,,,
8478366,Frank Vatrano,2021 - 2022,27-323d,197,"5' 11""",597:32,9.0,10.0,16.0,105.0,49,48.0,1.0,2.0,36:17,559:02,16,40.91,9.5,2.0,1.0,0.0,0.0,02:13,17.0,-2.0,19.0,792.0,,,,,,,,,,,,,,,,,,,,
8479404,Henrik Borgstrom,2017 - 2018,20-178d,199,"6' 3""",50:38,0.0,1.0,0.0,6.0,4,1.0,0.0,0.0,05:21,45:17,0,40.54,16.67,0.0,0.0,0.0,0.0,00:00,1.0,-1.0,1.0,72.0,,,,,,,,,,,,,,,,,,,,
8479404,Henrik Borgstrom,2018 - 2019,21-177d,199,"6' 3""",600:09,10.0,8.0,4.0,54.0,50,11.0,3.0,7.0,55:37,543:30,4,40.74,14.81,0.0,0.0,0.0,0.0,01:02,12.0,-14.0,18.0,852.0,,,,,,,,,,,,,,,,,,,,
8479404,Henrik Borgstrom,2019 - 2020,22-177d,199,"6' 3""",49:32,0.0,0.0,2.0,3.0,4,1.0,0.0,0.0,06:03,42:44,2,48.15,0.0,0.0,0.0,0.0,0.0,00:45,0.0,-2.0,0.0,69.0,,,,,,,,,,,,,,,,,,,,
8479553,Maxim Mamin,2017 - 2018,23-18d,206,"6' 2""",273:32,1.0,3.0,7.0,28.0,26,51.0,0.0,0.0,02:19,271:13,7,0.0,10.71,1.0,0.0,0.0,0.0,00:00,9.0,2.0,4.0,398.0,,,,,,,,,,,,,,,,,,,,
8479553,Maxim Mamin,2018 - 2019,24-18d,206,"6' 2""",51:26,0.0,0.0,5.0,8.0,7,10.0,0.0,0.0,00:27,50:59,5,0.0,0.0,0.0,0.0,0.0,0.0,00:00,1.0,-2.0,0.0,79.0,,,,,,,,,,,,,,,,,,,,
8479553,Maxim Mamin,2021 - 2022,27-18d,206,"6' 2""",476:07,7.0,7.0,13.0,49.0,40,59.0,0.0,0.0,03:32,472:29,13,0.0,14.3,0.0,0.0,0.0,0.0,00:06,17.0,8.0,14.0,631.0,,,,,,,,,,,,,,,,,,,,
8480015,Owen Tippett,2017 - 2018,18-349d,207,"6' 1""",77:49,0.0,1.0,0.0,17.0,7,3.0,0.0,0.0,12:04,65:22,0,0.0,5.88,0.0,0.0,0.0,0.0,00:23,4.0,-6.0,1.0,115.0,,,,,,,,,,,,,,,,,,,,
8480015,Owen Tippett,2020 - 2021,21-349d,207,"6' 1""",516:39,11.0,7.0,6.0,86.0,45,59.0,2.0,3.0,35:08,481:26,6,66.67,8.1,2.0,0.0,0.0,0.0,00:05,5.0,-5.0,18.0,683.0,,,,,,,,,,,,,,,,,,,,
8480015,Owen Tippett,2021 - 2022,22-349d,207,"6' 1""",526:33,8.0,6.0,10.0,73.0,42,62.0,0.0,1.0,55:37,470:50,10,36.54,8.2,0.0,0.0,0.0,0.0,00:06,12.0,2.0,14.0,695.0,,,,,,,,,,,,,,,,,,,,
8480164,Henrik Haapala,2017 - 2018,23-337d,165,"5' 9""",68:30,1.0,0.0,0.0,3.0,5,5.0,0.0,0.0,08:59,59:31,0,0.0,0.0,0.0,0.0,0.0,0.0,00:00,3.0,0.0,1.0,98.0,,,,,,,,,,,,,,,,,,,,
8474550,Antti Niemi,2017 - 2018,34-155d,209,"6' 2""",58:42,,,,,2,,,,,,,,,,,,,,,,,,0.0,0.0,0.0,1.0,34.0,2.0,0.0,32.0,0.0,36.0,3.0,0.871795,5.110733,0.0,39.0,5.0,66.66666666666666,,88.88888888888889,0.0
8474667,Harri Sateri,2017 - 2018,28-33d,205,"6' 1""",492:36,,,,,9,,,,,,,,,,,,,,,,,,0.0,0.0,4.0,4.0,247.0,36.0,9.0,202.0,11.0,219.0,41.0,0.911439,2.923264,7.0,271.0,24.0,87.8048780487805,81.81818181818183,92.23744292237443,0.0
8471426,Troy Brouwer,2018 - 2019,33-166d,213,"6' 3""",951:40,9.0,12.0,47.0,86.0,75,177.0,0.0,0.0,21:47,805:31,47,37.25,13.95,1.0,0.0,1.0,1.0,124:22,38.0,-6.0,21.0,1384.0,,,,,,,,,,,,,,,,,,,,
8473544,Derick Brassard,2018 - 2019,31-131d,200,"6' 1""",152:45,3.0,1.0,2.0,16.0,10,13.0,0.0,1.0,17:26,134:47,2,45.16,6.25,0.0,0.0,0.0,0.0,00:32,0.0,-6.0,4.0,206.0,,,,,,,,,,,,,,,,,,,,
8474884,Mike Hoffman,2018 - 2019,29-67d,190,"6' 0""",1462:42,34.0,36.0,30.0,253.0,82,42.0,17.0,35.0,282:02,1179:28,30,34.21,14.23,6.0,3.0,0.0,0.0,01:12,26.0,-24.0,70.0,1740.0,,,,,,,,,,,,,,,,,,,,
8474884,Mike Hoffman,2019 - 2020,30-67d,190,"6' 0""",1161:48,30.0,29.0,28.0,214.0,69,33.0,11.0,21.0,252:23,907:47,28,46.67,13.6,3.0,0.0,0.0,0.0,01:38,22.0,-5.0,59.0,1357.0,,,,,,,,,,,,,,,,,,,,
8475227,Chris Wideman,2018 - 2019,29-23d,181,"5' 10""",11:53,0.0,0.0,2.0,2.0,1,2.0,0.0,0.0,00:39,11:14,2,0.0,0.0,0.0,0.0,0.0,0.0,00:00,0.0,-1.0,0.0,20.0,,,,,,,,,,,,,,,,,,,,
8475772,Riley Sheahan,2018 - 2019,27-55d,214,"6' 2""",483:41,8.0,2.0,4.0,50.0,33,22.0,0.0,0.0,02:17,422:03,4,54.93,4.0,0.0,0.0,0.0,0.0,59:21,18.0,-2.0,10.0,687.0,,,,,,,,,,,,,,,,,,,,
8477384,Josh Brown,2018 - 2019,25-9d,220,"6' 5""",492:07,1.0,1.0,28.0,28.0,37,80.0,0.0,0.0,01:08,460:46,28,0.0,3.57,0.0,0.0,0.0,0.0,30:13,31.0,-3.0,2.0,723.0,,,,,,,,,,,,,,,,,,,,
8477384,Josh Brown,2019 - 2020,26-9d,220,"6' 5""",751:24,5.0,3.0,39.0,48.0,56,77.0,0.0,0.0,00:12,727:22,39,0.0,6.3,1.0,0.0,0.0,0.0,23:50,53.0,1.0,8.0,964.0,,,,,,,,,,,,,,,,,,,,
8477963,Jayce Hawryluk,2018 - 2019,23-30d,196,"5' 11""",396:06,5.0,7.0,16.0,35.0,42,101.0,0.0,1.0,05:53,390:13,16,73.68,20.0,0.0,0.0,0.0,0.0,00:00,25.0,-8.0,12.0,588.0,,,,,,,,,,,,,,,,,,,,
8477963,Jayce Hawryluk,2019 - 2020,24-30d,196,"5' 11""",145:21,2.0,1.0,8.0,10.0,15,32.0,0.0,0.0,00:15,145:06,8,0.0,10.0,0.0,0.0,0.0,0.0,00:00,6.0,-1.0,3.0,209.0,,,,,,,,,,,,,,,,,,,,
8477996,Juho Lammikko,2018 - 2019,23-2d,191,"6' 2""",437:16,6.0,0.0,6.0,39.0,40,45.0,0.0,0.0,03:02,365:11,6,42.77,0.0,0.0,0.0,0.0,1.0,69:03,21.0,-7.0,6.0,665.0,,,,,,,,,,,,,,,,,,,,
8477996,Juho Lammikko,2020 - 2021,25-2d,191,"6' 2""",476:34,1.0,4.0,10.0,43.0,44,50.0,0.0,0.0,03:30,430:14,10,44.93,9.3,0.0,0.0,1.0,1.0,42:50,16.0,-8.0,5.0,713.0,,,,,,,,,,,,,,,,,,,,
8479388,Riley Stillman,2018 - 2019,20-328d,196,"6' 1""",11:22,0.0,0.0,2.0,1.0,1,5.0,0.0,0.0,00:00,11:22,2,0.0,0.0,0.0,0.0,0.0,0.0,00:00,0.0,0.0,0.0,19.0,,,,,,,,,,,,,,,,,,,,
8479388,Riley Stillman,2019 - 2020,21-327d,196,"6' 1""",650:02,5.0,0.0,14.0,39.0,34,59.0,0.0,0.0,01:30,567:50,14,0.0,0.0,0.0,0.0,0.0,0.0,80:42,57.0,-3.0,5.0,837.0,,,,,,,,,,,,,,,,,,,,
8479388,Riley Stillman,2020 - 2021,22-328d,196,"6' 1""",85:47,0.0,0.0,14.0,8.0,8,14.0,0.0,0.0,00:00,81:52,14,0.0,0.0,0.0,0.0,0.0,0.0,03:55,8.0,2.0,0.0,124.0,,,,,,,,,,,,,,,,,,,,
8479439,Jacob MacDonald,2018 - 2019,25-338d,204,"6' 0""",24:06,0.0,1.0,0.0,1.0,2,1.0,0.0,0.0,01:20,22:46,0,0.0,100.0,0.0,0.0,0.0,0.0,00:00,1.0,1.0,1.0,33.0,,,,,,,,,,,,,,,,,,,,
8479447,Anthony Greco,2018 - 2019,25-122d,179,"5' 10""",09:30,0.0,0.0,0.0,2.0,1,0.0,0.0,0.0,00:00,09:30,0,0.0,0.0,0.0,0.0,0.0,0.0,00:00,0.0,-3.0,0.0,16.0,,,,,,,,,,,,,,,,,,,,
8480955,Bogdan Kiselevich,2018 - 2019,28-351d,202,"6' 0""",475:20,8.0,0.0,12.0,14.0,32,49.0,0.0,0.0,00:18,448:54,12,0.0,0.0,0.0,0.0,0.0,0.0,26:08,21.0,-3.0,8.0,628.0,,,,,,,,,,,,,,,,,,,,
8481442,Brady Keeper,2018 - 2019,22-239d,197,"6' 2""",12:40,0.0,0.0,0.0,1.0,1,2.0,0.0,0.0,00:00,12:40,0,0.0,0.0,0.0,0.0,0.0,0.0,00:00,1.0,1.0,0.0,18.0,,,,,,,,,,,,,,,,,,,,
8481442,Brady Keeper,2020 - 2021,24-240d,197,"6' 2""",09:28,0.0,0.0,0.0,0.0,1,1.0,0.0,0.0,02:16,07:12,0,0.0,0.0,0.0,0.0,0.0,0.0,00:00,0.0,0.0,0.0,12.0,,,,,,,,,,,,,,,,,,,,
8474636,Michael Hutchinson,2018 - 2019,28-335d,201,"6' 3""",201:14,,,,,4,,,,,,,,,,,,,,,,,,2.0,0.0,1.0,1.0,73.0,9.0,5.0,59.0,6.0,67.0,14.0,0.83908,4.174259,3.0,87.0,14.0,64.28571428571429,83.33333333333334,88.05970149253731,0.0
8478470,Sam Montembeault,2018 - 2019,22-92d,214,"6' 3""",591:24,,,,,11,,,,,,,,,,,,,,,,,,2.0,0.0,4.0,3.0,252.0,22.0,11.0,219.0,11.0,244.0,27.0,0.893617,3.043625,10.0,282.0,30.0,81.48148148148148,100.0,89.75409836065575,0.0
8478470,Sam Montembeault,2019 - 2020,23-92d,214,"6' 3""",700:45,,,,,14,,,,,,,,,,,,,,,,,,1.0,0.0,5.0,5.0,317.0,38.0,10.0,269.0,10.0,300.0,46.0,0.89,3.3393,9.0,356.0,39.0,82.6086956521739,100.0,89.66666666666666,0.0
8470619,Brian Boyle,2019 - 2020,35-43d,245,"6' 6""",482:38,9.0,6.0,17.0,56.0,39,65.0,1.0,1.0,34:35,427:58,17,52.39,10.7,1.0,0.0,0.0,0.0,20:05,34.0,-5.0,15.0,641.0,,,,,,,,,,,,,,,,,,,,
8471873,Anton Stralman,2019 - 2020,33-182d,193,"5' 11""",1453:31,14.0,5.0,14.0,89.0,69,68.0,0.0,0.0,05:55,1275:40,14,0.0,5.6,3.0,0.0,0.0,1.0,171:56,96.0,-6.0,19.0,1785.0,,,,,,,,,,,,,,,,,,,,
8471873,Anton Stralman,2020 - 2021,34-183d,193,"5' 11""",720:05,6.0,3.0,8.0,38.0,38,37.0,0.0,0.0,27:15,630:32,8,0.0,7.9,0.0,0.0,0.0,0.0,62:18,30.0,-1.0,9.0,950.0,,,,,,,,,,,,,,,,,,,,
8475287,Erik Haula,2019 - 2020,28-314d,191,"5' 11""",109:44,2.0,0.0,2.0,14.0,7,9.0,0.0,0.0,05:45,94:02,2,55.81,0.0,0.0,0.0,0.0,0.0,09:57,4.0,0.0,2.0,159.0,,,,,,,,,,,,,,,,,,,,
8475792,Brett Connolly,2019 - 2020,27-273d,198,"6' 3""",1000:06,14.0,19.0,26.0,117.0,69,56.0,4.0,6.0,90:06,909:23,26,35.29,16.2,3.0,0.0,0.0,0.0,00:37,17.0,-3.0,33.0,1263.0,,,,,,,,,,,,,,,,,,,,
8475792,Brett Connolly,2020 - 2021,28-274d,198,"6' 3""",264:26,2.0,2.0,2.0,16.0,21,25.0,0.0,0.0,12:41,251:31,2,27.27,12.5,0.0,0.0,0.0,0.0,00:14,5.0,4.0,4.0,344.0,,,,,,,,,,,,,,,,,,,,
8476952,Dominic Toninato,2019 - 2020,25-327d,191,"6' 2""",512:32,7.0,4.0,37.0,38.0,46,57.0,0.0,0.0,04:50,487:41,37,47.06,10.5,0.0,0.0,0.0,0.0,20:01,28.0,4.0,11.0,711.0,,,,,,,,,,,,,,,,,,,,
8478027,Lucas Wallmark,2019 - 2020,24-148d,178,"6' 0""",87:13,1.0,1.0,0.0,5.0,7,9.0,0.0,0.0,03:24,74:53,0,52.94,20.0,0.0,0.0,0.0,0.0,08:56,5.0,0.0,2.0,136.0,,,,,,,,,,,,,,,,,,,,
8478027,Lucas Wallmark,2020 - 2021,25-148d,178,"6' 0""",42:05,0.0,0.0,0.0,1.0,4,5.0,0.0,0.0,00:09,38:06,0,57.89,0.0,0.0,0.0,0.0,0.0,03:50,1.0,-2.0,0.0,60.0,,,,,,,,,,,,,,,,,,,,
8478569,Noel Acciari,2019 - 2020,28-61d,209,"5' 10""",1053:47,7.0,20.0,21.0,108.0,66,121.0,0.0,0.0,05:27,880:50,21,47.98,18.5,5.0,0.0,1.0,1.0,167:30,103.0,2.0,27.0,1429.0,,,,,,,,,,,,,,,,,,,,
8478569,Noel Acciari,2020 - 2021,29-61d,209,"5' 10""",631:08,7.0,4.0,9.0,68.0,41,91.0,1.0,3.0,18:36,502:55,9,52.41,5.9,1.0,0.0,0.0,1.0,109:37,63.0,0.0,11.0,847.0,,,,,,,,,,,,,,,,,,,,
8478569,Noel Acciari,2021 - 2022,30-61d,209,"5' 10""",239:40,5.0,3.0,11.0,32.0,20,48.0,0.0,0.0,03:15,212:36,11,50.6,9.4,1.0,0.0,0.0,0.0,23:49,16.0,2.0,8.0,325.0,,,,,,,,,,,,,,,,,,,,
8478839,Aleksi Saarela,2019 - 2020,23-23d,200,"5' 10""",110:14,2.0,2.0,0.0,15.0,9,1.0,0.0,1.0,02:49,107:25,0,35.29,13.3,0.0,0.0,0.0,0.0,00:00,3.0,2.0,4.0,134.0,,,,,,,,,,,,,,,,,,,,
8475683,Sergei Bobrovsky,2019 - 2020,31-132d,182,"6' 2""",2805:59,,,,,50,,,,,,,,,,,,,,,,,,6.0,1.0,23.0,19.0,1354.0,190.0,48.0,1116.0,51.0,1236.0,218.0,0.9,3.2288,49.0,1505.0,151.0,87.1559633027523,94.11764705882352,90.29126213592234,0.0
8475683,Sergei Bobrovsky,2020 - 2021,32-133d,182,"6' 2""",1816:28,,,,,31,,,,,,,,,,,,,,,,,,2.0,0.0,19.0,8.0,847.0,131.0,40.0,676.0,42.0,741.0,152.0,0.906,2.9067,30.0,935.0,88.0,86.18421052631578,95.23809523809523,91.22807017543859,0.0
8475683,Sergei Bobrovsky,2021 - 2022,33-132d,182,"6' 2""",3082:10,,,,,54,,,,,,,,,,,,,,,,,,3.0,3.0,39.0,7.0,1429.0,231.0,42.0,1156.0,47.0,1262.0,257.0,0.913,2.66696,53.0,1566.0,137.0,89.88326848249028,89.36170212765957,91.60063391442155,0.0
8476904,Chris Driedger,2019 - 2020,25-257d,208,"6' 4""",642:40,,,,,12,,,,,,,,,,,,,,,,,,1.0,1.0,7.0,2.0,332.0,37.0,8.0,287.0,9.0,304.0,41.0,0.938,2.0539,11.0,354.0,22.0,90.2439024390244,88.88888888888889,94.4078947368421,0.0
8476904,Chris Driedger,2020 - 2021,26-258d,208,"6' 4""",1361:36,,,,,23,,,,,,,,,,,,,,,,,,3.0,3.0,14.0,6.0,593.0,81.0,18.0,494.0,19.0,529.0,92.0,0.927,2.0711,23.0,640.0,47.0,88.04347826086956,94.73684210526315,93.38374291115312,0.0
8471887,Patric Hornqvist,2020 - 2021,34-30d,189,"5' 11""",738:28,18.0,14.0,39.0,145.0,44,80.0,8.0,12.0,180:27,557:39,39,14.29,9.7,2.0,0.0,0.0,0.0,00:22,23.0,-3.0,32.0,871.0,,,,,,,,,,,,,,,,,,,,
8471887,Patric Hornqvist,2021 - 2022,35-30d,189,"5' 11""",823:34,17.0,11.0,19.0,165.0,65,112.0,3.0,7.0,137:27,686:01,19,38.1,6.7,0.0,0.0,0.0,0.0,00:06,23.0,-5.0,28.0,1097.0,,,,,,,,,,,,,,,,,,,,
8475246,Kevin Connauton,2020 - 2021,30-342d,205,"6' 2""",99:30,1.0,0.0,7.0,5.0,7,12.0,0.0,0.0,00:16,96:27,7,0.0,0.0,0.0,0.0,0.0,0.0,02:47,3.0,4.0,1.0,135.0,,,,,,,,,,,,,,,,,,,,
8475246,Kevin Connauton,2021 - 2022,31-342d,205,"6' 2""",156:11,0.0,0.0,2.0,14.0,13,28.0,0.0,0.0,00:45,153:28,2,0.0,0.0,0.0,0.0,0.0,0.0,01:58,9.0,4.0,0.0,231.0,,,,,,,,,,,,,,,,,,,,
8475462,Radko Gudas,2020 - 2021,30-240d,208,"6' 0""",948:45,9.0,2.0,40.0,84.0,54,250.0,0.0,0.0,02:46,839:42,40,0.0,2.4,1.0,0.0,0.0,0.0,106:17,72.0,6.0,11.0,1283.0,,,,,,,,,,,,,,,,,,,,
8475462,Radko Gudas,2021 - 2022,31-240d,208,"6' 0""",1387:12,13.0,3.0,105.0,100.0,77,355.0,0.0,0.0,02:46,1223:40,105,0.0,3.0,0.0,0.0,1.0,1.0,160:46,118.0,27.0,16.0,1961.0,,,,,,,,,,,,,,,,,,,,
8476994,Vinnie Hinostroza,2020 - 2021,26-303d,183,"5' 10""",88:32,0.0,0.0,0.0,6.0,9,3.0,0.0,0.0,00:12,86:47,0,20.0,0.0,0.0,0.0,0.0,0.0,01:33,1.0,-2.0,0.0,122.0,,,,,,,,,,,,,,,,,,,,
8477038,Nikita Gusev,2020 - 2021,28-207d,163,"5' 9""",174:17,3.0,2.0,2.0,27.0,11,2.0,0.0,1.0,32:15,142:02,2,0.0,7.4,0.0,0.0,0.0,0.0,00:00,0.0,0.0,5.0,206.0,,,,,,,,,,,,,,,,,,,,
8477407,Anthony Duclair,2020 - 2021,25-158d,197,"5' 11""",674:26,22.0,10.0,18.0,104.0,43,32.0,1.0,2.0,57:02,592:31,18,0.0,9.6,1.0,0.0,0.0,1.0,24:53,9.0,27.0,32.0,900.0,,,,,,,,,,,,,,,,,,,,
8477407,Anthony Duclair,2021 - 2022,26-158d,197,"5' 11""",1109:45,27.0,31.0,30.0,167.0,74,38.0,9.0,21.0,188:45,912:33,30,50.0,18.6,5.0,1.0,0.0,0.0,08:27,16.0,19.0,58.0,1369.0,,,,,,,,,,,,,,,,,,,,
8477409,Carter Verhaeghe,2020 - 2021,25-170d,180,"6' 2""",762:32,18.0,18.0,31.0,107.0,43,33.0,1.0,2.0,58:53,693:10,31,46.94,16.8,3.0,0.0,1.0,1.0,10:29,14.0,24.0,36.0,932.0,,,,,,,,,,,,,,,,,,,,
8477409,Carter Verhaeghe,2021 - 2022,26-170d,180,"6' 2""",1252:08,31.0,24.0,48.0,167.0,78,50.0,0.0,3.0,85:31,1143:03,48,65.52,14.4,4.0,1.0,0.0,0.0,23:34,16.0,24.0,55.0,1582.0,,,,,,,,,,,,,,,,,,,,
8477505,Alex Wennberg,2020 - 2021,26-131d,190,"6' 2""",1017:21,12.0,17.0,8.0,82.0,56,29.0,3.0,6.0,107:47,766:55,8,49.24,20.7,2.0,1.0,1.0,1.0,142:39,36.0,6.0,29.0,1290.0,,,,,,,,,,,,,,,,,,,,
8477935,Sam Bennett,2020 - 2021,24-225d,195,"6' 1""",180:35,9.0,6.0,33.0,39.0,10,29.0,1.0,3.0,36:15,126:59,33,46.22,15.4,3.0,1.0,0.0,0.0,17:21,1.0,12.0,15.0,227.0,,,,,,,,,,,,,,,,,,,,
8477935,Sam Bennett,2021 - 2022,25-224d,195,"6' 1""",1202:57,21.0,28.0,74.0,241.0,71,119.0,5.0,9.0,156:17,991:59,74,46.86,11.6,7.0,1.0,0.0,1.0,54:41,27.0,27.0,49.0,1494.0,,,,,,,,,,,,,,,,,,,,
8477986,Brandon Montour,2020 - 2021,26-295d,194,"6' 0""",243:51,2.0,2.0,16.0,22.0,12,19.0,0.0,0.0,19:09,206:10,16,0.0,9.1,0.0,0.0,0.0,0.0,18:32,9.0,8.0,4.0,311.0,,,,,,,,,,,,,,,,,,,,
8477986,Brandon Montour,2021 - 2022,27-295d,194,"6' 0""",1449:51,26.0,11.0,48.0,153.0,81,64.0,1.0,8.0,111:08,1288:52,48,0.0,7.2,1.0,1.0,0.0,0.0,49:51,65.0,15.0,37.0,1912.0,,,,,,,,,,,,,,,,,,,,
8478055,Gustav Forsling,2020 - 2021,24-233d,186,"6' 0""",857:33,12.0,5.0,8.0,94.0,43,30.0,1.0,4.0,19:35,730:56,8,0.0,5.3,0.0,0.0,0.0,0.0,107:02,42.0,17.0,17.0,1114.0,,,,,,,,,,,,,,,,,,,,
8478055,Gustav Forsling,2021 - 2022,25-232d,186,"6' 0""",1506:52,27.0,10.0,18.0,145.0,71,45.0,0.0,0.0,12:42,1318:29,18,0.0,6.9,1.0,1.0,0.0,0.0,175:41,86.0,41.0,37.0,2054.0,,,,,,,,,,,,,,,,,,,,
8478454,Noah Juulsen,2020 - 2021,23-304d,201,"6' 2""",47:52,0.0,0.0,0.0,5.0,4,9.0,0.0,0.0,00:00,46:40,0,0.0,0.0,0.0,0.0,0.0,0.0,01:12,4.0,-3.0,0.0,71.0,,,,,,,,,,,,,,,,,,,,
8478906,Markus Nutivaara,2020 - 2021,26-239d,187,"6' 1""",479:16,10.0,0.0,12.0,45.0,30,35.0,0.0,0.0,15:12,454:25,12,0.0,0.0,0.0,0.0,0.0,0.0,09:39,13.0,1.0,10.0,655.0,,,,,,,,,,,,,,,,,,,,
8478906,Markus Nutivaara,2021 - 2022,27-239d,187,"6' 1""",07:01,1.0,0.0,0.0,0.0,1,1.0,0.0,0.0,00:00,07:01,0,0.0,0.0,0.0,0.0,0.0,0.0,00:00,0.0,0.0,1.0,12.0,,,,,,,,,,,,,,,,,,,,
8478975,Mason Marchment,2020 - 2021,25-227d,210,"6' 4""",466:29,8.0,2.0,18.0,50.0,33,73.0,0.0,0.0,28:45,436:09,18,38.24,4.0,0.0,0.0,0.0,0.0,01:35,8.0,4.0,10.0,611.0,,,,,,,,,,,,,,,,,,,,
8478975,Mason Marchment,2021 - 2022,26-227d,210,"6' 4""",762:24,29.0,18.0,53.0,121.0,54,114.0,1.0,2.0,46:35,714:22,53,27.5,14.9,2.0,0.0,0.0,0.0,01:27,9.0,29.0,47.0,977.0,,,,,,,,,,,,,,,,,,,,
8479066,Ryan Lomberg,2020 - 2021,26-53d,187,"5' 9""",330:25,2.0,2.0,67.0,47.0,34,90.0,0.0,0.0,01:21,313:58,67,0.0,4.3,0.0,0.0,0.0,0.0,15:06,10.0,-2.0,4.0,465.0,,,,,,,,,,,,,,,,,,,,
8479066,Ryan Lomberg,2021 - 2022,27-53d,187,"5' 9""",627:20,9.0,9.0,92.0,91.0,55,117.0,0.0,0.0,00:29,559:52,92,14.29,9.9,1.0,0.0,0.0,1.0,66:59,7.0,4.0,18.0,899.0,,,,,,,,,,,,,,,,,,,,
8480037,Aleksi Heponiemi,2020 - 2021,22-22d,155,"5' 10""",110:08,1.0,1.0,2.0,15.0,9,0.0,0.0,0.0,01:28,107:22,2,0.0,6.7,1.0,1.0,0.0,0.0,01:18,1.0,1.0,2.0,150.0,,,,,,,,,,,,,,,,,,,,
8480037,Aleksi Heponiemi,2021 - 2022,23-22d,155,"5' 10""",84:10,1.0,0.0,2.0,7.0,6,0.0,0.0,1.0,00:42,81:28,2,33.33,0.0,0.0,0.0,0.0,0.0,02:00,1.0,-6.0,1.0,113.0,,,,,,,,,,,,,,,,,,,,
8480185,Eetu Luostarinen,2020 - 2021,22-151d,190,"6' 3""",578:01,5.0,3.0,12.0,34.0,44,55.0,0.0,0.0,01:35,483:20,12,47.99,8.8,1.0,0.0,0.0,0.0,93:06,25.0,-11.0,8.0,821.0,,,,,,,,,,,,,,,,,,,,
8480185,Eetu Luostarinen,2021 - 2022,23-151d,190,"6' 3""",1048:03,17.0,9.0,12.0,84.0,78,103.0,0.0,1.0,07:19,893:31,12,40.02,10.7,4.0,1.0,2.0,3.0,147:13,46.0,1.0,26.0,1509.0,,,,,,,,,,,,,,,,,,,,
8480844,Grigori Denisenko,2020 - 2021,20-221d,186,"5' 11""",83:35,4.0,0.0,2.0,6.0,7,15.0,0.0,0.0,01:10,82:25,2,50.0,0.0,0.0,0.0,0.0,0.0,00:00,2.0,1.0,4.0,115.0,,,,,,,,,,,,,,,,,,,,
8480844,Grigori Denisenko,2021 - 2022,21-220d,186,"5' 11""",15:30,0.0,0.0,2.0,3.0,1,1.0,0.0,0.0,01:01,14:29,2,0.0,0.0,0.0,0.0,0.0,0.0,00:00,2.0,0.0,0.0,18.0,,,,,,,,,,,,,,,,,,,,
8482641,Matt Kiersted,2020 - 2021,22-292d,181,"6' 0""",106:12,0.0,0.0,2.0,6.0,7,1.0,0.0,0.0,03:47,99:24,2,0.0,0.0,0.0,0.0,0.0,0.0,03:01,10.0,-4.0,0.0,139.0,,,,,,,,,,,,,,,,,,,,
8482641,Matt Kiersted,2021 - 2022,23-292d,181,"6' 0""",140:27,1.0,1.0,2.0,11.0,10,10.0,0.0,0.0,00:10,131:55,2,0.0,9.1,0.0,0.0,0.0,0.0,08:22,17.0,-8.0,2.0,188.0,,,,,,,,,,,,,,,,,,,,
8481519,Spencer Knight,2020 - 2021,19-287d,192,"6' 3""",206:54,,,,,4,,,,,,,,,,,,,,,,,,0.0,0.0,4.0,0.0,91.0,7.0,3.0,81.0,3.0,87.0,9.0,0.919,2.32,3.0,99.0,8.0,77.77777777777779,100.0,93.10344827586206,0.0
8481519,Spencer Knight,2021 - 2022,20-287d,192,"6' 3""",1740:14,,,,,32,,,,,,,,,,,,,,,,,,3.0,2.0,19.0,9.0,795.0,138.0,19.0,638.0,22.0,691.0,163.0,0.908,2.79273,27.0,876.0,81.0,84.66257668711657,86.36363636363636,92.32995658465991,0.0
8466138,Joe Thornton,2021 - 2022,42-213d,220,"6' 4""",377:36,5.0,5.0,10.0,26.0,34,20.0,3.0,3.0,44:38,332:28,10,44.0,19.2,1.0,0.0,0.0,0.0,00:30,10.0,-10.0,10.0,520.0,,,,,,,,,,,,,,,,,,,,
8473512,Claude Giroux,2021 - 2022,34-19d,190,"5' 11""",334:06,20.0,3.0,6.0,51.0,18,20.0,2.0,11.0,64:23,254:45,6,57.94,5.9,0.0,0.0,0.0,0.0,14:58,1.0,7.0,23.0,383.0,,,,,,,,,,,,,,,,,,,,
8474610,Zac Dalpe,2021 - 2022,32-91d,197,"6' 2""",06:08,0.0,0.0,0.0,0.0,1,2.0,0.0,0.0,00:00,06:08,0,25.0,0.0,0.0,0.0,0.0,0.0,00:00,1.0,-1.0,0.0,8.0,,,,,,,,,,,,,,,,,,,,
8475279,Ben Chiarot,2021 - 2022,30-267d,232,"6' 3""",418:41,6.0,2.0,6.0,47.0,20,47.0,1.0,1.0,01:08,370:05,6,0.0,4.3,0.0,0.0,0.0,0.0,47:28,39.0,4.0,8.0,531.0,,,,,,,,,,,,,,,,,,,,
8476989,Petteri Lindbohm,2021 - 2022,28-130d,198,"6' 3""",126:30,1.0,0.0,5.0,9.0,9,25.0,0.0,0.0,00:00,123:41,5,0.0,0.0,0.0,0.0,0.0,0.0,02:49,8.0,0.0,1.0,172.0,,,,,,,,,,,,,,,,,,,,
8477462,Robert Hagg,2021 - 2022,26-357d,210,"6' 2""",208:42,1.0,0.0,10.0,14.0,16,41.0,0.0,0.0,00:00,199:53,10,0.0,0.0,0.0,0.0,0.0,0.0,08:49,11.0,0.0,1.0,289.0,,,,,,,,,,,,,,,,,,,,
8477933,Sam Reinhart,2021 - 2022,26-86d,193,"6' 2""",1385:11,49.0,33.0,13.0,186.0,78,49.0,16.0,31.0,261:20,1073:35,13,48.47,17.7,6.0,0.0,0.0,2.0,50:16,30.0,25.0,82.0,1596.0,,,,,,,,,,,,,,,,,,,,
8479355,Olli Juolevi,2021 - 2022,23-271d,182,"6' 2""",124:33,0.0,0.0,2.0,9.0,10,9.0,0.0,0.0,00:00,122:47,2,0.0,0.0,0.0,0.0,0.0,0.0,01:46,6.0,0.0,0.0,184.0,,,,,,,,,,,,,,,,,,,,
8479523,Lucas Carlsson,2021 - 2022,24-210d,189,"6' 0""",508:27,6.0,3.0,10.0,41.0,40,39.0,0.0,0.0,03:11,500:19,10,0.0,7.3,0.0,0.0,0.0,0.0,04:57,29.0,3.0,9.0,732.0,,,,,,,,,,,,,,,,,,,,
8479597,Chase Priskie,2021 - 2022,25-317d,185,"6' 0""",56:01,0.0,0.0,2.0,4.0,4,3.0,0.0,0.0,00:56,53:18,2,0.0,0.0,0.0,0.0,0.0,0.0,01:47,3.0,2.0,0.0,79.0,,,,,,,,,,,,,,,,,,,,
8481655,Cole Schwindt,2021 - 2022,20-281d,182,"6' 2""",42:24,0.0,0.0,0.0,3.0,3,5.0,0.0,0.0,00:01,42:23,0,48.39,0.0,0.0,0.0,0.0,0.0,00:00,2.0,-4.0,0.0,53.0,,,,,,,,,,,,,,,,,,,,
8482113,Anton Lundell,2021 - 2022,20-120d,185,"6' 1""",1022:55,26.0,18.0,18.0,125.0,65,26.0,1.0,4.0,44:32,824:16,18,44.65,14.4,4.0,0.0,1.0,4.0,154:07,56.0,33.0,44.0,1371.0,,,,,,,,,,,,,,,,,,,,
8477992,Jonas Johansson,2021 - 2022,26-134d,220,"6' 5""",116:13,,,,,2,,,,,,,,,,,,,,,,,,0.0,0.0,0.0,2.0,49.0,3.0,4.0,42.0,4.0,56.0,4.0,0.766,7.74416,2.0,64.0,15.0,75.0,100.0,75.0,0.0
